{
    "Disabled": [
        false,
        "bool"
    ],
    "ServerModuleName": [
        "StandardLoginFormWebclient",
        "string"
    ],
    "HashModuleName": [
        "login",
        "string"
    ],
    "CustomLoginUrl": [
        "",
        "string"
    ],
    "DemoLogin": [
        "",
        "string"
    ],
    "DemoPassword": [
        "",
        "string"
    ],
    "InfoText": [
        "",
        "string"
    ],
    "BottomInfoHtmlText": [
        "Powered by \u003Ca href=\"https:\/\/afterlogic.org\/webmail-lite\" target=\"_blank\"\u003EAfterlogic WebMail Lite\u003C\/a\u003E",
        "string"
    ],
    "LoginSignMeType": [
        0,
        "int"
    ],
    "AllowChangeLanguage": [
        true,
        "bool"
    ],
    "UseDropdownLanguagesView": [
        true,
        "bool"
    ],
    "AuthTokenCookieExpireTime": [
        30,
        "int"
    ]
}