{
    "bundle": {
        "js/admin": {
            "scripts": [
                "vendor/moment/moment.js",
                "userfrosting/js/handlebars-helpers.js",
                "vendor/tablesorter/dist/js/jquery.tablesorter.js",
                "vendor/tablesorter/dist/js/jquery.tablesorter.widgets.js",
                "userfrosting/js/tablesorter/widget-sort2Hash.js",
                "vendor/tablesorter/dist/js/widgets/widget-columnSelector.min.js",
                "vendor/tablesorter/dist/js/widgets/widget-reflow.min.js",
                "vendor/tablesorter/dist/js/widgets/widget-pager.min.js",
                "userfrosting/js/query-string.js",
                "userfrosting/js/uf-table.js"
            ],
            "options": {
                "result": {
                    "type": {
                        "scripts": "plain"
                    }
                }
            }
        },
        "js/pages/activities": {
            "scripts": [
                "userfrosting/js/pages/activities.js"
            ],
            "options": {
                "result": {
                    "type": {
                        "scripts": "plain"
                    }
                }
            }
        },
        "js/pages/dashboard": {
            "scripts": [
                "userfrosting/js/widgets/users.js",
                "userfrosting/js/pages/dashboard.js"
            ],
            "options": {
                "result": {
                    "type": {
                        "scripts": "plain"
                    }
                }
            }
        },
        "js/pages/group": {
            "scripts": [
                "userfrosting/js/widgets/users.js",
                "userfrosting/js/widgets/groups.js",
                "userfrosting/js/pages/group.js"
            ],
            "options": {
                "result": {
                    "type": {
                        "scripts": "plain"
                    }
                }
            }
        },
        "js/pages/permission": {
            "scripts": [
                "userfrosting/js/widgets/users.js",
                "userfrosting/js/pages/permission.js"
            ],
            "options": {
                "result": {
                    "type": {
                        "scripts": "plain"
                    }
                }
            }
        },
        "js/pages/role": {
            "scripts": [
                "userfrosting/js/widgets/roles.js",
                "userfrosting/js/pages/role.js"
            ],
            "options": {
                "result": {
                    "type": {
                        "scripts": "plain"
                    }
                }
            }
        },
        "js/pages/user": {
            "scripts": [
                "userfrosting/js/widgets/users.js",
                "userfrosting/js/pages/user.js"
            ],
            "options": {
                "result": {
                    "type": {
                        "scripts": "plain"
                    }
                }
            }
        },
        "js/pages/users": {
            "scripts": [
                "userfrosting/js/widgets/users.js",
                "userfrosting/js/pages/users.js"
            ],
            "options": {
                "result": {
                    "type": {
                        "scripts": "plain"
                    }
                }
            }
        },
        "js/pages/groups": {
            "scripts": [
                "userfrosting/js/widgets/groups.js",
                "userfrosting/js/pages/groups.js"
            ],
            "options": {
                "result": {
                    "type": {
                        "scripts": "plain"
                    }
                }
            }
        },
        "js/pages/permissions": {
            "scripts": [
                "userfrosting/js/pages/permissions.js"
            ],
            "options": {
                "result": {
                    "type": {
                        "scripts": "plain"
                    }
                }
            }
        },
        "js/pages/roles": {
            "scripts": [
                "userfrosting/js/widgets/roles.js",
                "userfrosting/js/pages/roles.js"
            ],
            "options": {
                "result": {
                    "type": {
                        "scripts": "plain"
                    }
                }
            }
        },
        "css/admin": {
            "styles": [
                "font-starcraft/css/font-starcraft.css",
                "vendor/tablesorter/dist/css/theme.bootstrap.min.css",
                "vendor/tablesorter/dist/css/jquery.tablesorter.pager.min.css",
                "userfrosting/css/tablesorter-reflow.css",
                "userfrosting/css/tablesorter-custom.css"
            ],
            "options": {
                "result": {
                    "type": {
                        "styles": "plain"
                    }
                }
            }
        }
    }
}